	user_id	item	score	rank
0	1	LOFT - Vest	0.22575391852189425	1
1	1	Coaster - Sweatshirt	0.22165654470554652	2
2	1	DESIGNERS FOUNTAIN - Shorts	0.2198308865141982	3
3	1	Faith Connexion - Shorts	0.2108758485966831	4
4	1	Balenciaga - Glasses	0.20849690705268695	5
5	1	Kenzo - Jeans	0.20530812865972675	6
6	1	Nanushka - Sweatshirt	0.2047989871277704	7
7	1	QEEBOO - Jacket	0.18078807280487952	8
8	1	Mohawk Home - Jacket	0.180610854523898	9
9	1	Halston Heritage - Hat	0.17942766357757906	10
