	user_id	item	score	rank
0	100	Balenciaga - Glasses	0.24233483825400817	1
1	100	DESIGNERS FOUNTAIN - Shorts	0.23578731529747407	2
2	100	Saint Laurent - Shirt	0.21808016387812657	3
3	100	Kenzo - Jeans	0.21052305764077073	4
4	100	LOFT - Vest	0.21016330247271597	5
5	100	Tangletown Fine Art - Sweatshirt	0.20675885821903547	6
6	100	Galvan - Hat	0.20522513243446427	7
7	100	Pinko - Coat	0.19298754936275056	8
8	100	Mohawk Home - Jacket	0.1917056275005977	9
9	100	QEEBOO - Jacket	0.1914236225891323	10
