	user_id	item	score	rank
0	11	Faith Connexion - Shorts	0.2571575137279538	1
1	11	DESIGNERS FOUNTAIN - Shorts	0.22275115211965543	2
2	11	Coaster - Sweatshirt	0.22232309429686414	3
3	11	OFFEX - Vest	0.2129578117331825	4
4	11	Kenzo - Jeans	0.21019553363303364	5
5	11	LOFT - Vest	0.2085521263375175	6
6	11	Mohawk Home - Jacket	0.19692278620850048	7
7	11	Eastland - Jeans	0.1967031039617068	8
8	11	Saint Laurent - Shirt	0.18126696739370954	9
9	11	Iceberg - Shoes	0.18084884816540256	10
