	user_id	item	score	rank
0	12	Galvan - Hat	0.23670538960064008	1
1	12	DESIGNERS FOUNTAIN - Shorts	0.21468724724302815	2
2	12	Faith Connexion - Shorts	0.2022357894986719	3
3	12	Undercover - Sweatshirt	0.19527606603755984	4
4	12	Saint Laurent - Shirt	0.1935450760806816	5
5	12	A.P.C. - Belt	0.18905500355261104	6
6	12	Balenciaga - Glasses	0.18886320061671352	7
7	12	Coaster - Sweatshirt	0.18742222100467915	8
8	12	OFFEX - Vest	0.1818111329838929	9
9	12	Pinko - Coat	0.17638377951400772	10
