	user_id	item	score	rank
0	14	DESIGNERS FOUNTAIN - Shorts	0.21455448655368844	1
1	14	Nanushka - Sweatshirt	0.20830724082139448	2
2	14	LOFT - Vest	0.20494727632599527	3
3	14	Balenciaga - Glasses	0.20357508003658992	4
4	14	Galvan - Hat	0.19740111962132628	5
5	14	Tangletown Fine Art - Sweatshirt	0.19654263705016645	6
6	14	Coaster - Sweatshirt	0.18759990149386235	7
7	14	R13 - Shorts	0.17873600146948174	8
8	14	Kenzo - Jeans	0.17670027382649872	9
9	14	QEEBOO - Jacket	0.1567721416837134	10
