	user_id	item	score	rank
0	15	Balenciaga - Glasses	0.22656608580295198	1
1	15	DESIGNERS FOUNTAIN - Shorts	0.22643135538653525	2
2	15	LOFT - Vest	0.2053816436738961	3
3	15	Iceberg - Shoes	0.19036534001957064	4
4	15	Mohawk Home - Jacket	0.18728777338802746	5
5	15	Pinko - Coat	0.18520947143051386	6
6	15	Halston Heritage - Hat	0.1746487982176575	7
7	15	QEEBOO - Jacket	0.17428176380910057	8
8	15	R13 - Shorts	0.1700296699586427	9
