	user_id	item	score	rank
0	16	Undercover - Sweatshirt	0.24300387882218652	1
1	16	Faith Connexion - Shorts	0.2164950447311027	2
2	16	Coaster - Sweatshirt	0.21344920924445374	3
3	16	Galvan - Hat	0.2118876020413975	4
4	16	DESIGNERS FOUNTAIN - Shorts	0.20903617295476715	5
5	16	QEEBOO - Jacket	0.19524866356735843	6
6	16	Pinko - Coat	0.1909851482968971	7
7	16	Iceberg - Shoes	0.18346888856757276	8
8	16	Mohawk Home - Jacket	0.18131394140710913	9
9	16	A.P.C. - Belt	0.18019268450800857	10
