	user_id	item	score	rank
0	17	R13 - Shorts	0.23903508771929824	1
1	17	Undercover - Sweatshirt	0.23132664437012262	2
2	17	DESIGNERS FOUNTAIN - Shorts	0.22580157289776165	3
3	17	Iceberg - Shoes	0.22280701754385965	4
4	17	Coaster - Sweatshirt	0.21887379739671758	5
5	17	QEEBOO - Jacket	0.21413828689370484	6
6	17	Kenzo - Jeans	0.21149425287356322	7
7	17	Galvan - Hat	0.21106785317018908	8
8	17	Pinko - Coat	0.2109375	9
9	17	Faith Connexion - Shorts	0.19808467741935484	10
