	user_id	item	score	rank
0	18	Kenzo - Jeans	0.21971372962452357	1
1	18	DESIGNERS FOUNTAIN - Shorts	0.2178839819856154	2
2	18	Undercover - Sweatshirt	0.21307289120563339	3
3	18	Balenciaga - Glasses	0.19917929292929293	4
4	18	Tangletown Fine Art - Sweatshirt	0.1967156367089717	5
5	18	A.P.C. - Belt	0.1966260190869315	6
6	18	Eastland - Jeans	0.19578649921507063	7
7	18	R13 - Shorts	0.19523659942180943	8
8	18	OFFEX - Vest	0.19381549901484427	9
9	18	Saint Laurent - Shirt	0.18710655808465942	10
