	user_id	item	score	rank
0	2	DESIGNERS FOUNTAIN - Shorts	0.23183597172732048	1
1	2	Undercover - Sweatshirt	0.2220826328689232	2
2	2	Balenciaga - Glasses	0.2120117367184296	3
3	2	LOFT - Vest	0.2089486923401819	4
4	2	Faith Connexion - Shorts	0.19888856915388525	5
5	2	Kenzo - Jeans	0.19161962322853326	6
6	2	OFFEX - Vest	0.18299262910805641	7
7	2	Mohawk Home - Jacket	0.18228157855487045	8
8	2	QEEBOO - Jacket	0.17759030885081303	9
9	2	Nanushka - Sweatshirt	0.176252556888108	10
