	user_id	item	score	rank
0	20	Undercover - Sweatshirt	0.23639060434919848	1
1	20	Faith Connexion - Shorts	0.2215977797601348	2
2	20	OFFEX - Vest	0.21722865615880468	3
3	20	LOFT - Vest	0.21535763545858014	4
4	20	A.P.C. - Belt	0.2114374070373437	5
5	20	Galvan - Hat	0.20448827901658087	6
6	20	R13 - Shorts	0.1913125969934434	7
7	20	Nanushka - Sweatshirt	0.19087336061735605	8
8	20	Mohawk Home - Jacket	0.1905878448245395	9
9	20	Saint Laurent - Shirt	0.1902227678730294	10
