	user_id	item	score	rank
0	21	LOFT - Vest	0.22134517961203196	1
1	21	DESIGNERS FOUNTAIN - Shorts	0.2115930273443983	2
2	21	Balenciaga - Glasses	0.2102042291911527	3
3	21	Faith Connexion - Shorts	0.21008886263636128	4
4	21	Nanushka - Sweatshirt	0.19060479178514914	5
5	21	Galvan - Hat	0.1806058818518093	6
6	21	Tangletown Fine Art - Sweatshirt	0.17819968051769486	7
7	21	A.P.C. - Belt	0.17343506619594415	8
8	21	QEEBOO - Jacket	0.17076202819481262	9
9	21	Iceberg - Shoes	0.15941798853601005	10
