	user_id	item	score	rank
0	23	Faith Connexion - Shorts	0.24486654255071047	1
1	23	DESIGNERS FOUNTAIN - Shorts	0.237602495744584	2
2	23	Nanushka - Sweatshirt	0.22776136449147735	3
3	23	LOFT - Vest	0.20622186225808767	4
4	23	OFFEX - Vest	0.20452496111743526	5
5	23	Galvan - Hat	0.19860490559713648	6
6	23	Pinko - Coat	0.18974607169650273	7
7	23	Saint Laurent - Shirt	0.18542760794371058	8
8	23	R13 - Shorts	0.18462805851123662	9
9	23	Kenzo - Jeans	0.1827972821119751	10
