	user_id	item	score	rank
0	24	DESIGNERS FOUNTAIN - Shorts	0.23059304513328074	1
1	24	Coaster - Sweatshirt	0.22226528896170752	2
2	24	Balenciaga - Glasses	0.22106864510583168	3
3	24	Kenzo - Jeans	0.21248413850384795	4
4	24	Nanushka - Sweatshirt	0.2121838587363809	5
5	24	Galvan - Hat	0.1991255316135964	6
6	24	Mohawk Home - Jacket	0.19889696557428868	7
7	24	QEEBOO - Jacket	0.18602245789331148	8
8	24	Eastland - Jeans	0.1838763197586727	9
9	24	Halston Heritage - Hat	0.18176533504041995	10
