	user_id	item	score	rank
0	25	Coaster - Sweatshirt	0.21685021139677652	1
1	25	DESIGNERS FOUNTAIN - Shorts	0.21371825206440076	2
2	25	Galvan - Hat	0.20724866129870856	3
3	25	LOFT - Vest	0.20611239832594852	4
4	25	Tangletown Fine Art - Sweatshirt	0.19236537522525946	5
5	25	Saint Laurent - Shirt	0.1908373124593762	6
6	25	Pinko - Coat	0.18817500368657356	7
7	25	R13 - Shorts	0.18371995884884493	8
8	25	Eastland - Jeans	0.18045388391212577	9
9	25	OFFEX - Vest	0.18038220172407599	10
