	user_id	item	score	rank
0	26	DESIGNERS FOUNTAIN - Shorts	0.22929347177467477	1
1	26	OFFEX - Vest	0.2264203132987402	2
2	26	Faith Connexion - Shorts	0.22324929971988797	3
3	26	Balenciaga - Glasses	0.21405480295566504	4
4	26	Saint Laurent - Shirt	0.19560913114372233	5
5	26	R13 - Shorts	0.19364338150228222	6
6	26	Eastland - Jeans	0.19128540305010897	7
7	26	Nanushka - Sweatshirt	0.1901032342761666	8
8	26	Iceberg - Shoes	0.1859315440319056	9
9	26	Coaster - Sweatshirt	0.18124131505176833	10
