	user_id	item	score	rank
0	27	Undercover - Sweatshirt	0.294011544011544	1
1	27	DESIGNERS FOUNTAIN - Shorts	0.2665094339622641	2
2	27	Faith Connexion - Shorts	0.2436440677966102	3
3	27	Tangletown Fine Art - Sweatshirt	0.2309748427672956	4
4	27	LOFT - Vest	0.2260508308895406	5
5	27	OFFEX - Vest	0.20510132774283718	6
6	27	Pinko - Coat	0.20501077586206895	7
7	27	A.P.C. - Belt	0.19778789850357842	8
8	27	Nanushka - Sweatshirt	0.19759143621766279	9
9	27	Galvan - Hat	0.19444444444444442	10
