	user_id	item	score	rank
0	28	Balenciaga - Glasses	0.22446810333663786	1
1	28	Undercover - Sweatshirt	0.21503098269581358	2
2	28	Nanushka - Sweatshirt	0.20577332337927423	3
3	28	Mohawk Home - Jacket	0.19667325785412554	4
4	28	Saint Laurent - Shirt	0.1957649441076299	5
5	28	Eastland - Jeans	0.19124720263530337	6
6	28	A.P.C. - Belt	0.1893409940869789	7
7	28	R13 - Shorts	0.18822380434843725	8
8	28	Halston Heritage - Hat	0.17587525357656472	9
9	28	Pinko - Coat	0.1680773596194422	10
