	user_id	item	score	rank
0	3	Faith Connexion - Shorts	0.2622278190451139	1
1	3	Tangletown Fine Art - Sweatshirt	0.2189228698018215	2
2	3	Saint Laurent - Shirt	0.20939950429114518	3
3	3	LOFT - Vest	0.20691092273156583	4
4	3	Kenzo - Jeans	0.20149327853785656	5
5	3	A.P.C. - Belt	0.19866079880951149	6
6	3	Mohawk Home - Jacket	0.19563152896486227	7
7	3	R13 - Shorts	0.1911122764806229	8
8	3	OFFEX - Vest	0.1870585277339052	9
9	3	Galvan - Hat	0.1784548269068393	10
