	user_id	item	score	rank
0	33	Galvan - Hat	0.21278522613146456	1
1	33	LOFT - Vest	0.2057749309633296	2
2	33	Nanushka - Sweatshirt	0.20398753910689732	3
3	33	Pinko - Coat	0.18957509193331984	4
4	33	Saint Laurent - Shirt	0.18548415949926714	5
5	33	Kenzo - Jeans	0.18349609080775078	6
6	33	Iceberg - Shoes	0.18011468620498305	7
7	33	Eastland - Jeans	0.179270339078455	8
8	33	QEEBOO - Jacket	0.15088146750981693	9
