	user_id	item	score	rank
0	34	Faith Connexion - Shorts	0.23544243102099144	1
1	34	Balenciaga - Glasses	0.21882137485194386	2
2	34	DESIGNERS FOUNTAIN - Shorts	0.21443742820521972	3
3	34	Nanushka - Sweatshirt	0.20986144796951134	4
4	34	Galvan - Hat	0.20740758046636806	5
5	34	Saint Laurent - Shirt	0.2066294135431551	6
6	34	Coaster - Sweatshirt	0.19659181489037364	7
7	34	OFFEX - Vest	0.19325720832259355	8
8	34	R13 - Shorts	0.18858679573928544	9
9	34	Kenzo - Jeans	0.18172722644240677	10
