	user_id	item	score	rank
0	36	DESIGNERS FOUNTAIN - Shorts	0.2378811692377853	1
1	36	Faith Connexion - Shorts	0.22869245070192654	2
2	36	LOFT - Vest	0.22013831781974333	3
3	36	Tangletown Fine Art - Sweatshirt	0.21400262874078815	4
4	36	Undercover - Sweatshirt	0.211076463620719	5
5	36	A.P.C. - Belt	0.195074524507852	6
6	36	Nanushka - Sweatshirt	0.18937423499423264	7
7	36	Saint Laurent - Shirt	0.18190530380201048	8
8	36	Pinko - Coat	0.1798771787894267	9
9	36	QEEBOO - Jacket	0.1778879946477174	10
