	user_id	item	score	rank
0	38	Balenciaga - Glasses	0.26693138279345174	1
1	38	DESIGNERS FOUNTAIN - Shorts	0.25559260325784594	2
2	38	Nanushka - Sweatshirt	0.22463116722706378	3
3	38	LOFT - Vest	0.22346987036624472	4
4	38	OFFEX - Vest	0.21774257421102455	5
5	38	Kenzo - Jeans	0.2161000078200123	6
6	38	Eastland - Jeans	0.20027922207253518	7
7	38	Mohawk Home - Jacket	0.1882992513244614	8
8	38	Pinko - Coat	0.18507339403891127	9
9	38	Halston Heritage - Hat	0.18440351075124176	10
