	user_id	item	score	rank
0	39	Undercover - Sweatshirt	0.2638424688057041	1
1	39	LOFT - Vest	0.25142589690003486	2
2	39	OFFEX - Vest	0.2458799208013044	3
3	39	DESIGNERS FOUNTAIN - Shorts	0.24399255715045187	4
4	39	Coaster - Sweatshirt	0.24384700305214624	5
5	39	Nanushka - Sweatshirt	0.24070198311946753	6
6	39	Mohawk Home - Jacket	0.23298678445737273	7
7	39	Tangletown Fine Art - Sweatshirt	0.22415866710802165	8
8	39	Kenzo - Jeans	0.21470506894235708	9
9	39	Eastland - Jeans	0.20940318761142004	10
