	user_id	item	score	rank
0	4	LOFT - Vest	0.23123683819914095	1
1	4	Faith Connexion - Shorts	0.21886875473257633	2
2	4	Undercover - Sweatshirt	0.20659355566162624	3
3	4	Coaster - Sweatshirt	0.1915740807036222	4
4	4	Mohawk Home - Jacket	0.1908782952980523	5
5	4	Tangletown Fine Art - Sweatshirt	0.18932880099890417	6
6	4	Balenciaga - Glasses	0.187339200467726	7
7	4	OFFEX - Vest	0.18465380389744548	8
8	4	Pinko - Coat	0.1764305188480359	9
9	4	A.P.C. - Belt	0.17349438142535528	10
