	user_id	item	score	rank
0	41	Balenciaga - Glasses	0.21276207960834395	1
1	41	Galvan - Hat	0.2090547773330792	2
2	41	Faith Connexion - Shorts	0.2047361902250563	3
3	41	Mohawk Home - Jacket	0.20300273756888962	4
4	41	Coaster - Sweatshirt	0.20212535241813054	5
5	41	Eastland - Jeans	0.19954418716111252	6
6	41	Saint Laurent - Shirt	0.1942785278797796	7
7	41	Undercover - Sweatshirt	0.1921641871719616	8
8	41	LOFT - Vest	0.19173149642643447	9
9	41	Nanushka - Sweatshirt	0.18623403834072014	10
