	user_id	item	score	rank
0	43	Coaster - Sweatshirt	0.2317065534046666	1
1	43	Balenciaga - Glasses	0.2211602707401888	2
2	43	LOFT - Vest	0.21717983596055324	3
3	43	Galvan - Hat	0.2169064675612955	4
4	43	Faith Connexion - Shorts	0.21500984983645557	5
5	43	Kenzo - Jeans	0.201561773863742	6
6	43	OFFEX - Vest	0.19951305269547331	7
7	43	Saint Laurent - Shirt	0.1939154916468891	8
8	43	Pinko - Coat	0.18960424513107457	9
9	43	Nanushka - Sweatshirt	0.18921534174172489	10
