	user_id	item	score	rank
0	45	Faith Connexion - Shorts	0.22493009910741213	1
1	45	Coaster - Sweatshirt	0.2210154296624851	2
2	45	Tangletown Fine Art - Sweatshirt	0.21264232674880312	3
3	45	Kenzo - Jeans	0.20191440647813655	4
4	45	Mohawk Home - Jacket	0.20010118167979643	5
5	45	A.P.C. - Belt	0.1956165533706685	6
6	45	Saint Laurent - Shirt	0.19503706188039857	7
7	45	Iceberg - Shoes	0.191148271272651	8
8	45	Eastland - Jeans	0.18324113667790393	9
9	45	Nanushka - Sweatshirt	0.17990016524285418	10
