	user_id	item	score	rank
0	46	Faith Connexion - Shorts	0.22764807759471806	1
1	46	OFFEX - Vest	0.20127106210849965	2
2	46	Nanushka - Sweatshirt	0.2002560442710626	3
3	46	R13 - Shorts	0.19864813168506676	4
4	46	Tangletown Fine Art - Sweatshirt	0.19749471653919284	5
5	46	Kenzo - Jeans	0.19396993721612288	6
6	46	Mohawk Home - Jacket	0.19153184778184779	7
7	46	Galvan - Hat	0.1850530595492318	8
8	46	Iceberg - Shoes	0.18302791788744383	9
9	46	Halston Heritage - Hat	0.1764920597883869	10
