	user_id	item	score	rank
0	48	Balenciaga - Glasses	0.22815810888485377	1
1	48	LOFT - Vest	0.2192282373106158	2
2	48	Galvan - Hat	0.1974492537966057	3
3	48	Tangletown Fine Art - Sweatshirt	0.19695236346343747	4
4	48	Pinko - Coat	0.19551847879887807	5
5	48	R13 - Shorts	0.19326233371961019	6
6	48	A.P.C. - Belt	0.19219157788901725	7
7	48	QEEBOO - Jacket	0.18480556347539892	8
8	48	Mohawk Home - Jacket	0.17712635267782326	9
9	48	OFFEX - Vest	0.1735248737261904	10
