	user_id	item	score	rank
0	49	DESIGNERS FOUNTAIN - Shorts	0.22538646571790277	1
1	49	Faith Connexion - Shorts	0.22209736363965157	2
2	49	Tangletown Fine Art - Sweatshirt	0.20343841126674272	3
3	49	LOFT - Vest	0.20036608889726382	4
4	49	Saint Laurent - Shirt	0.1966874916619705	5
5	49	Nanushka - Sweatshirt	0.19571287480201716	6
6	49	Galvan - Hat	0.19341299019607844	7
7	49	R13 - Shorts	0.17778793805448642	8
8	49	Mohawk Home - Jacket	0.1769063059033989	9
9	49	Eastland - Jeans	0.1752439902302263	10
