	user_id	item	score	rank
0	5	Undercover - Sweatshirt	0.24507428098384004	1
1	5	R13 - Shorts	0.21169978071998544	2
2	5	Nanushka - Sweatshirt	0.2056359423189389	3
3	5	Galvan - Hat	0.20117846558335992	4
4	5	Tangletown Fine Art - Sweatshirt	0.19893604009747862	5
5	5	A.P.C. - Belt	0.19887996133174585	6
6	5	OFFEX - Vest	0.1961582761566233	7
7	5	Kenzo - Jeans	0.18719272370684287	8
8	5	QEEBOO - Jacket	0.18236453805339256	9
9	5	Eastland - Jeans	0.17709213882568817	10
