	user_id	item	score	rank
0	50	Nanushka - Sweatshirt	0.24460150000511	1
1	50	Coaster - Sweatshirt	0.23424835873696187	2
2	50	DESIGNERS FOUNTAIN - Shorts	0.2207047504910283	3
3	50	LOFT - Vest	0.2129866600790514	4
4	50	Tangletown Fine Art - Sweatshirt	0.20886736401745615	5
5	50	OFFEX - Vest	0.2057326335713094	6
6	50	Mohawk Home - Jacket	0.20391905480140773	7
7	50	Galvan - Hat	0.20266451408149466	8
8	50	Saint Laurent - Shirt	0.1927236899722668	9
9	50	Kenzo - Jeans	0.1891350792787046	10
