	user_id	item	score	rank
0	51	Galvan - Hat	0.22891228485242796	1
1	51	Saint Laurent - Shirt	0.2214715502614962	2
2	51	Undercover - Sweatshirt	0.20927203688862175	3
3	51	Kenzo - Jeans	0.20767212184908995	4
4	51	Mohawk Home - Jacket	0.20463316876360355	5
5	51	Coaster - Sweatshirt	0.20395051286712884	6
6	51	Faith Connexion - Shorts	0.19727958667856083	7
7	51	Balenciaga - Glasses	0.19600875558867362	8
8	51	Iceberg - Shoes	0.19060931615111182	9
9	51	Nanushka - Sweatshirt	0.17504524916337877	10
