	user_id	item	score	rank
0	55	Undercover - Sweatshirt	0.23969086021505376	1
1	55	Galvan - Hat	0.23888554794958736	2
2	55	LOFT - Vest	0.2228187706993961	3
3	55	Nanushka - Sweatshirt	0.22087581226481268	4
4	55	Coaster - Sweatshirt	0.20780687550165608	5
5	55	A.P.C. - Belt	0.19947246823257606	6
6	55	Tangletown Fine Art - Sweatshirt	0.19741133357660595	7
7	55	OFFEX - Vest	0.19645402255708627	8
8	55	Balenciaga - Glasses	0.19247962842242505	9
9	55	Mohawk Home - Jacket	0.18946036534271832	10
