	user_id	item	score	rank
0	57	LOFT - Vest	0.2270991302408564	1
1	57	DESIGNERS FOUNTAIN - Shorts	0.210411650040133	2
2	57	Nanushka - Sweatshirt	0.21005822490430237	3
3	57	Undercover - Sweatshirt	0.20919376021987962	4
4	57	Coaster - Sweatshirt	0.19840081581137908	5
5	57	Mohawk Home - Jacket	0.19827019622416042	6
6	57	Galvan - Hat	0.19409243440766938	7
7	57	A.P.C. - Belt	0.19078464603485115	8
8	57	Kenzo - Jeans	0.18950947497654735	9
9	57	QEEBOO - Jacket	0.18425697551747972	10
