	user_id	item	score	rank
0	59	Faith Connexion - Shorts	0.22438222122802798	1
1	59	Undercover - Sweatshirt	0.2241477056949687	2
2	59	Saint Laurent - Shirt	0.19493223289019465	3
3	59	Tangletown Fine Art - Sweatshirt	0.19481198194643704	4
4	59	A.P.C. - Belt	0.18585211310464586	5
5	59	OFFEX - Vest	0.18304421953707037	6
6	59	Nanushka - Sweatshirt	0.17619232296175893	7
7	59	Iceberg - Shoes	0.17355597026447284	8
8	59	QEEBOO - Jacket	0.17014901409283595	9
9	59	Eastland - Jeans	0.16498643876411387	10
