	user_id	item	score	rank
0	6	DESIGNERS FOUNTAIN - Shorts	0.22498088912524614	1
1	6	Coaster - Sweatshirt	0.21454185778912688	2
2	6	Balenciaga - Glasses	0.21341713705684295	3
3	6	Faith Connexion - Shorts	0.21237187317264658	4
4	6	A.P.C. - Belt	0.20508539049919708	5
5	6	Galvan - Hat	0.20432383970021356	6
6	6	LOFT - Vest	0.2016651579739444	7
7	6	Eastland - Jeans	0.19549377935677886	8
8	6	Nanushka - Sweatshirt	0.19461473420311193	9
9	6	Iceberg - Shoes	0.19101765649465202	10
