	user_id	item	score	rank
0	68	Undercover - Sweatshirt	0.2403423025759863	1
1	68	DESIGNERS FOUNTAIN - Shorts	0.23025720100367053	2
2	68	Galvan - Hat	0.20597888646502005	3
3	68	OFFEX - Vest	0.1964485869182423	4
4	68	Kenzo - Jeans	0.1950817979410916	5
5	68	Pinko - Coat	0.19142129128517515	6
6	68	R13 - Shorts	0.19082769951264303	7
7	68	Eastland - Jeans	0.1848045436118661	8
8	68	Iceberg - Shoes	0.17730813431894737	9
9	68	A.P.C. - Belt	0.1728271001083791	10
