	user_id	item	score	rank
0	7	Coaster - Sweatshirt	0.24734836453643907	1
1	7	Galvan - Hat	0.22162862096168703	2
2	7	LOFT - Vest	0.21084726808534254	3
3	7	OFFEX - Vest	0.20798442384633772	4
4	7	Mohawk Home - Jacket	0.20302089089604097	5
5	7	Pinko - Coat	0.19300238182222237	6
6	7	A.P.C. - Belt	0.18855025667360228	7
7	7	QEEBOO - Jacket	0.1838293697263372	8
8	7	Saint Laurent - Shirt	0.18333320172050513	9
9	7	Eastland - Jeans	0.18301643838195567	10
