	user_id	item	score	rank
0	70	LOFT - Vest	0.22456181365160416	1
1	70	Faith Connexion - Shorts	0.2158440857797959	2
2	70	Nanushka - Sweatshirt	0.20208244941678893	3
3	70	Undercover - Sweatshirt	0.19574310638233788	4
4	70	R13 - Shorts	0.1867428329822495	5
5	70	Tangletown Fine Art - Sweatshirt	0.18475483105504123	6
6	70	OFFEX - Vest	0.18304742547425476	7
7	70	Iceberg - Shoes	0.1796139279178175	8
8	70	Saint Laurent - Shirt	0.17699064160887928	9
9	70	Coaster - Sweatshirt	0.17041214146477304	10
