	user_id	item	score	rank
0	71	Faith Connexion - Shorts	0.23831117298828886	1
1	71	Galvan - Hat	0.21201483136579885	2
2	71	OFFEX - Vest	0.20759551539313945	3
3	71	Saint Laurent - Shirt	0.20204615022028705	4
4	71	Nanushka - Sweatshirt	0.1976022686309648	5
5	71	Mohawk Home - Jacket	0.1904169573812431	6
6	71	A.P.C. - Belt	0.1896449623006869	7
7	71	R13 - Shorts	0.18684297929029173	8
8	71	Kenzo - Jeans	0.18563534524660896	9
9	71	Iceberg - Shoes	0.17007077850995375	10
