	user_id	item	score	rank
0	75	Faith Connexion - Shorts	0.24590901918470937	1
1	75	Kenzo - Jeans	0.21529655529655528	2
2	75	LOFT - Vest	0.2025776866674772	3
3	75	Balenciaga - Glasses	0.1997889763249933	4
4	75	R13 - Shorts	0.19924816522179012	5
5	75	Undercover - Sweatshirt	0.1983999869311676	6
6	75	DESIGNERS FOUNTAIN - Shorts	0.19743535988819008	7
7	75	Eastland - Jeans	0.18987094757730413	8
8	75	OFFEX - Vest	0.18633135579813317	9
9	75	Tangletown Fine Art - Sweatshirt	0.18525501476191186	10
