	user_id	item	score	rank
0	8	Galvan - Hat	0.21895695150101038	1
1	8	Balenciaga - Glasses	0.21609427207510384	2
2	8	Tangletown Fine Art - Sweatshirt	0.215272370097304	3
3	8	Undercover - Sweatshirt	0.20328231608855868	4
4	8	LOFT - Vest	0.19459278134272462	5
5	8	Saint Laurent - Shirt	0.1873258476352402	6
6	8	Coaster - Sweatshirt	0.17919164926622802	7
7	8	Pinko - Coat	0.1765212365905964	8
8	8	R13 - Shorts	0.166153625357015	9
9	8	QEEBOO - Jacket	0.16590917163967034	10
