	user_id	item	score	rank
0	85	Faith Connexion - Shorts	0.2379052065634361	1
1	85	Balenciaga - Glasses	0.23504425768323728	2
2	85	Tangletown Fine Art - Sweatshirt	0.2122722668988773	3
3	85	OFFEX - Vest	0.2061903505010805	4
4	85	R13 - Shorts	0.2019246527490657	5
5	85	Kenzo - Jeans	0.2013833087961816	6
6	85	Nanushka - Sweatshirt	0.19620636333843255	7
7	85	Pinko - Coat	0.19158068035276585	8
8	85	Iceberg - Shoes	0.18737241970785595	9
9	85	A.P.C. - Belt	0.1855507067196948	10
