	user_id	item	score	rank
0	9	Faith Connexion - Shorts	0.24036666899484696	1
1	9	Coaster - Sweatshirt	0.22218320053730797	2
2	9	DESIGNERS FOUNTAIN - Shorts	0.21321973709224895	3
3	9	LOFT - Vest	0.20173823072077335	4
4	9	Galvan - Hat	0.19276459121660358	5
5	9	OFFEX - Vest	0.19244054557567247	6
6	9	Saint Laurent - Shirt	0.18692892478447345	7
7	9	Tangletown Fine Art - Sweatshirt	0.18341766492462255	8
8	9	Pinko - Coat	0.18156773352381464	9
9	9	Iceberg - Shoes	0.180421385944916	10
